{
    "dH": -39,
    "dS": -55879,
    "cPa": 67671011,
    "cPb": -566,
    "cPc": -56609,
    "dHt": 6889010722.559413,
    "dSt": 19806776.138291806,
    "dGt": -1033699732.7573099
}